<?xml version="1.0"?>
<!--
Copyright 2014 Microsoft Open Technologies, Inc.
 
Licensed under the Apache License, Version 2.0 (the "License");
you may not use this file except in compliance with the License.
You may obtain a copy of the License at
 
http://www.apache.org/licenses/LICENSE-2.0
 
Unless required by applicable law or agreed to in writing, software
distributed under the License is distributed on an "AS IS" BASIS,
WITHOUT WARRANTIES OR CONDITIONS OF ANY KIND, either express or implied.
See the License for the specific language governing permissions and
limitations under the License.

-->
<template
    format="3"
    revision="1"
    name="Azure Services Activity"
    description="Creates a new activity that initiates and connects to Azure services such as Mobile Services and Notification Hub."
    minApi="8"
    minBuildApi="8">

    <category value="Microsoft" />
    <formfactor value="Mobile" />

    <parameter
        id="activityClass"
        name="Activity Name"
        type="string"
        constraints="class|unique|nonempty"
        default="AzureServicesActivity"
        help="The name of the activity class to create" />

    <parameter
        id="activityTitle"
        name="Title"
        type="string"
        constraints="nonempty"
        default="MicrosoftServicesActivity"
        suggest="${activityClass}"
        help="The name of the activity. For launcher activities, the application title." />

    <parameter
        id="isLauncher"
        name="Launcher Activity"
        type="boolean"
        default="false"
        help="If true, this activity will have a CATEGORY_LAUNCHER intent filter, making it visible in the launcher" />

    <parameter
        id="packageName"
        name="Package name"
        type="string"
        constraints="package"
        default="com.mycompany.myapp" />

    <parameter
        id="includeMobileServices"
        name="Azure Mobile Services Client"
        type="boolean"
        default="false">
    </parameter>

    <parameter
        id="includeNotificationHub"
        name="Notification Hub"
        type="boolean"
        default="false">
    </parameter>

    <!-- 128x128 thumbnails relative to template.xml -->
    <thumbs>
        <!-- default thumbnail is required -->
        <thumb>template_azure_services_activity.png</thumb>
    </thumbs>

    <globals file="globals.xml.ftl" />
    <execute file="recipe.xml.ftl" />

</template>
